title,domain
"Against the odds, Notre Dame cathedral will reopen this year",economist
What is prompt-engineering for artificial intelligence?,economist
"The Economist | World News, Economics, Politics, Business & Finance",economist
Your Prime Membership,amazon
Your Amazon Prime Membership,amazon
Your Account,amazon
Your Orders,amazon
Order Details,amazon
Amazon Thanks You,amazon
Amazon.com.au Checkout,amazon
Place Your Order â€“ Amazon.com.au Checkout,amazon
,amazon
Complete your Prime membership,amazon
Amazon.com.au Shopping Cart,amazon
"SONICFOAM Memory Foam Earbud Tips - Premium Noise Isolation, Replacement Foam Earphone Tips, 20 Pack for in Ear Headphone Earbuds (SF2 Large, Black) : Amazon.com.au: Electronics",amazon
macks earplugs - Google Shopping,google
macks earplugs - Google Search,google
Amazon.com.au : macks earplugs,amazon
"Digital Ultrasonic Cleaner Machine 420ml Professional Personal Care Washer Automatic Off Cleaner for Glasses Rings Necklaces Dentures Watches Razors Instruments : Amazon.com.au: Clothing, Shoes & Accessories",amazon
Amazon.com.au : ultrasonic cleaner,amazon
Amazon.com.au : retainer cleaner ultrasonic,amazon
sonicfoam - Google Shopping,google
sonicfoam - Google Search,google
"SONICFOAM Memory Foam Earbud Tips - Premium Noise Isolation, Replacement Foam Earphone Tips, 20 Pack for in Ear Headphone Earbuds (SF2 Medium, Black) : Amazon.com.au: Electronics",amazon
FIND YOUR FIT â€“ sonicfoam,sonicfoam
Sonicfoam â€“ sonicfoam,sonicfoam
Amazon.com.au : ear tips,amazon
Buy Again,amazon
"Amazon.com.au: Shop online for Electronics, Apparel, Toys, Books, DVDs & more",amazon
ear tips foam for sale | eBay,ebay
ear tips for sale | eBay,ebay
1000xm4 ear tips for sale | eBay,ebay
Ear Tips In-Ear Earbuds Cover Set for WF-1000XM4 WF-1000XM3 (Grey) | eBay,ebay
1000xm4 ear tips - Google Shopping,google
Replacement Silicone Ear Tips Buds Earbuds Eartips for Sony WF-1000XM4 WF-1000XM3 | Catch.com.au,catch
Reddit - Dive into anything,reddit
1000xm4 ear tips - Google Search,google
Oh No Reaction GIF by WWE - Find & Share on GIPHY,giphy
Question Mark What GIF by MOODMAN - Find & Share on GIPHY,giphy
Overcooked! 2 (Video Game) - TV Tropes,tvtropes
Overcooked! (Video Game) - TV Tropes,tvtropes
overcooked 2 trope - Google Search,google
Instagram down? Current status and problems | Downdetector,downdetector
is instagram down today - Google Search,google
situationship - Google Search,google
instagram downl - Google Search,google
instagram down - Google Search,google
Rick Astley - Never Gonna Give You Up (Official Music Video) - YouTube,youtube
The Haunting of Hill House (TV series) - Wikipedia,wikipedia
haunting of hill house - Google Search,google
The Fall of the House of Usher (2023) / Characters - TV Tropes,tvtropes
The Fall of the House of Usher (2023) (Series) - TV Tropes,tvtropes
fall of the ushers trope - Google Search,google
fall of the ushers - Google Search,google
The Raven - Wikipedia,wikipedia
The Fall of the House of Usher (miniseries) - Wikipedia,wikipedia
Stone & Wood Cloudy Pale Ale Can 375mL 1500mL Craft Beer Case (16) | Google Shopping,google
"stone wood ""pale ale"" - Google Search",google
bws stone and wood - Google Search,google
bws.com.au/product/270763/stone-and-wood-cloudy-pale-ale-can-375ml,bws
stone and wood pale ale - Google Search,google
Buy Stone Wood Craft Beer Online (with ASAP Same-Day Delivery) in Australia | BWS,bws
Runtime Error,bws
stone and wood pale ale - Google Shopping,google
stone and wood pale ale dan murphy's - Google Search,google
"Buy Wine, Beer, Spirits online at Dan Murphy's | Alcohol Delivery & Bottle Shop",danmurphys
Stone & Wood Green Coast Crisp Mid Bottle 330ml (Unbeatable Prices): Buy Online @Best Deals with Delivery - Dan Murphy's,danmurphys
Buy Stone & Wood Online | Dan Murphy's Alcohol Delivery,danmurphys
Buy stone & wood Online | Dan Murphy's Alcohol Delivery,danmurphys
https://www.danmurphys.com.au/product/DM_808133/stone-wood-cloudy-pale-ale-330ml?isFromSearch=true&isPersonalised=false&pageName=category_page,danmurphys
stone and wood pale ale bws - Google Search,google
Pale Ale - BWS Online,bws
Cloudy Pale Ale Bottles | Buy Online â€“ Stone & Wood Brewing Co,stoneandwood
Our Beers â€“ Stone & Wood Brewing Co,stoneandwood
Original Pacific Ale | Buy Online â€“ Stone & Wood Brewing Co,stoneandwood